{
  "manifest-bundle.zip": 1649915359284,
  "Component.js": 1649914822011,
  "utils/locate-reuse-libs.js": 1649914822019,
  "model/models.js": 1649914822019,
  "controller/App.controller.js": 1649914822027,
  "manifest.json": 1649915359269,
  "i18n/i18n.properties": 1649914822019,
  "Component-preload.js": 1649915359552,
  "controller/App-dbg.controller.js": 1649914822027,
  "model/models-dbg.js": 1649914822019,
  "utils/locate-reuse-libs-dbg.js": 1649914822019,
  "Component-dbg.js": 1649914822011,
  "view/App.view.xml": 1649914822027,
  "css/style.css": 1649914822023,
  "index.html": 1649914822015
}