{
  "index.html": 1649326283425,
  "i18n/i18n.properties": 1649332004045,
  "controller/App.controller.js": 1649326283437,
  "utils/locate-reuse-libs.js": 1649326283433,
  "model/models.js": 1649326283433,
  "controller/Sensors.controller.js": 1649331124052,
  "controller/SensorStatus.controller.js": 1649331428690,
  "manifest.json": 1649857359929,
  "Component.js": 1649326283425,
  "manifest-bundle.zip": 1649857359937,
  "Component-preload.js": 1649857360235,
  "model/models-dbg.js": 1649326283433,
  "utils/locate-reuse-libs-dbg.js": 1649326283433,
  "controller/Sensors-dbg.controller.js": 1649331124052,
  "controller/SensorStatus-dbg.controller.js": 1649331428690,
  "controller/App-dbg.controller.js": 1649326283437,
  "Component-dbg.js": 1649326283425,
  "view/Sensors.view.xml": 1649329902693,
  "view/SensorStatus.view.xml": 1649331270449,
  "view/CustomerSelectDialog.fragment.xml": 1649331857516,
  "view/App.view.xml": 1649326283437,
  "css/style.css": 1649326283437,
  "i18n/i18n_en.properties": 1649332374639
}