{
  "welcomeFile": "ztravel183mar",
  "authenticationMethod": "route",
  "routes": [
    {
      "source": "^/sap/(.*)$",
      "target": "/sap/$1",
      "destination": "abap-cloud-default_abap-trial-033b4803trial_aws-tb4x0rx0-dev",
      "authenticationType": "xsuaa",
      "csrfProtection": false
    },
    {
      "source": "^/resources/(.*)$",
      "target": "/resources/$1",
      "authenticationType": "none",
      "destination": "ui5"
    },
    {
      "source": "^/test-resources/(.*)$",
      "target": "/test-resources/$1",
      "authenticationType": "none",
      "destination": "ui5"
    },
    {
      "source": "^(.*)$",
      "target": "$1",
      "service": "html5-apps-repo-rt",
      "authenticationType": "xsuaa"
    }
  ]
}
